{"cameraMode":{"drawMode":0,"name":"Shaded","section":"Shading Mode"},"sceneLighting":true,"audioPlay":false,"sceneViewState":{"m_AlwaysRefresh":false,"showFog":true,"showSkybox":true,"showFlares":true,"showImageEffects":true,"showParticleSystems":true,"showVisualEffectGraphs":true,"m_FxEnabled":true},"in2DMode":false,"pivot":{"x":-0.022466253489255906,"y":-0.5477245450019836,"z":-0.5165516138076782},"rotation":{"x":0.07019584625959397,"y":0.7108867764472961,"z":-0.0716855525970459,"w":0.6961121559143066},"size":2.36602520942688,"orthographic":false}