{"cameraMode":{"drawMode":0,"name":"Shaded","section":"Shading Mode"},"sceneLighting":false,"audioPlay":false,"sceneViewState":{"m_AlwaysRefresh":false,"showFog":true,"showSkybox":false,"showFlares":true,"showImageEffects":true,"showParticleSystems":true,"showVisualEffectGraphs":true,"m_FxEnabled":true},"in2DMode":false,"pivot":{"x":0.3260999023914337,"y":0.17665672302246095,"z":0.004705910105258226},"rotation":{"x":0.061770252883434299,"y":-0.000004500784143601777,"z":4.1949226670112696e-7,"w":0.998092770576477},"size":4.578492641448975,"orthographic":false}