{"cameraMode":{"drawMode":0,"name":"Shaded","section":"Shading Mode"},"sceneLighting":true,"audioPlay":false,"sceneViewState":{"m_AlwaysRefresh":false,"showFog":true,"showSkybox":true,"showFlares":true,"showImageEffects":true,"showParticleSystems":true,"showVisualEffectGraphs":true,"m_FxEnabled":true},"in2DMode":false,"pivot":{"x":2.8087329864501955,"y":12.826981544494629,"z":-38.17635726928711},"rotation":{"x":0.25452128052711489,"y":-0.3557455241680145,"z":0.10133424401283264,"w":0.8935298919677734},"size":12.773842811584473,"orthographic":false}