{"cameraMode":{"drawMode":0,"name":"Shaded","section":"Shading Mode"},"sceneLighting":true,"audioPlay":false,"sceneViewState":{"m_AlwaysRefresh":false,"showFog":true,"showSkybox":true,"showFlares":true,"showImageEffects":true,"showParticleSystems":true,"showVisualEffectGraphs":true,"m_FxEnabled":true},"in2DMode":false,"pivot":{"x":2.3995471000671388,"y":-1.2592495679855347,"z":0.7465441226959229},"rotation":{"x":0.4665694236755371,"y":0.16788609325885774,"z":-0.09069766104221344,"w":0.8636544942855835},"size":7.315518856048584,"orthographic":false}